gene_id	expo_rep1	expo_rep2	stat_rep1	stat_rep2
TK0001	11979	2116	13079	2242
TK0002	911	171	837	125
TK0003	172	32	182	19
TK0004	1872	314	1150	275
TK0005	972	293	699	178
TK0006	1353	274	988	164
TK0007	299	77	158	41
TK0008	3237	649	782	352
TK0009	2114	961	615	284
TK0010	529	259	173	59
TK0011	1603	479	532	131
TK0012	1512	339	1026	245
TK0013	259	66	219	42
TK0014	1477	274	1099	165
TK0015	4601	483	25416	3904
TK0016	140	41	112	114
TK0017	16	8	16	19
TK0018	275	162	1178	426
TK0019	1370	255	2481	546
TK0020	1089	187	2511	394
TK0021	1824	323	3661	591
TK0022	5023	777	5302	863
TK0023	866	115	990	141
TK0024	1453	290	1966	445
TK0025	2283	465	2666	709
TK0026	1310	291	1526	171
TK0027	1123	311	1378	264
TK0028	3786	965	5378	1454
TK0029	881	232	1044	122
TK0030	3861	1349	3780	848
TK0031	822	167	577	146
TK0032	1723	288	1364	364
TK0033	6817	1118	6919	1522
TK0034	7443	2335	8441	1294
TK0035	3589	915	2795	709
TK0036	24361	10085	21804	4868
TK0037	10382	2328	6031	1738
TK0038	2162	3199	3448	819
TK0039	5557	5368	6857	1546
TK0040	4365	2696	4527	842
TK0041	2290	1220	1997	445
TK0042	1928	972	1687	283
TK0043	1241	518	812	218
TK0044	6514	2272	4534	992
TK0045	506	182	296	76
TK0046	206	67	134	23
TK0047	491	105	311	34
TK0048	2342	486	1745	229
TK0049	1251	227	972	115
TK0050	1466	196	1160	148
TK0051	492	97	572	88
TK0052	1495	174	863	214
TK0053	6244	1615	6486	1011
TK0054	158	58	137	53
TK0055	905	116	615	226
TK0056	2960	434	2014	460
TK0057	663	30	1069	191
TK0058	487	75	468	93
TK0059	4125	558	3566	567
TK0060	3541	471	2696	504
TK0061	2223	373	2120	348
TK0062	899	220	926	281
TK0063	381	91	450	86
TK0064	252	43	273	46
TK0065	142	48	176	32
TK0066	536	64	569	43
TK0067	2565	342	2911	283
TK0068	1072	231	605	118
TK0069	5013	1125	2365	487
TK0070	9160	1492	8524	1575
TK0071	4826	709	2139	483
TK0072	6269	1815	1448	317
TK0073	49	6	23	20
TK0074	326	31	194	43
TK0075	374	36	252	46
TK0076	332	43	227	39
TK0077	3	0	0	1
TK0078	18	1	5	4
TK0079	12	1	5	1
TK0080	28	2	13	12
TK0081	37	2	31	13
TK0082	0	0	0	0
TK0083	8	3	5	1
TK0084	1	0	3	0
TK0085	176	11	157	18
TK0086	642	56	560	9
TK0087	375	37	137	26
TK0088	194	18	73	15
TK0089	33	1	8	3
TK0090	790	109	1318	448
TK0091	192	24	203	26
TK0092	13	1	4	1
TK0093	10	2	17	1
TK0094	164	18	166	54
TK0095	5	0	4	1
TK0096	218	19	112	36
TK0097	11	0	8	0
TK0098	19	2	13	5
TK0099	13	2	13	1
TK0100	62	5	43	3
TK0101	1	0	2	0
TK0102	81	4	52	10
TK0103	47	6	39	7
TK0104	97	14	103	15
TK0105	62	6	73	14
TK0106	1720	608	942	341
TK0107	1388	887	1064	373
TK0108	1969	803	1648	403
TK0109	4976	1472	4619	611
TK0110	1760	508	1672	273
TK0111	4213	708	1645	215
TK0112	30441	3921	10084	1246
TK0113	172	19	106	19
TK0114	75	15	34	15
TK0115	855	411	244	93
TK0116	13652	4297	15597	1111
TK0117	15863	3886	17166	810
TK0118	194	82	214	160
TK0119	177	38	1565	1410
TK0120	30	11	417	392
TK0121	19	2	152	127
TK0122	230	30	1825	955
TK0123	4571	861	2741	423
TK0124	1806	602	1365	249
TK0125	1716	433	1600	323
TK0126	4975	1227	5208	1336
TK0127	464	78	364	80
TK0128	1664	241	1372	162
TK0129	2654	364	1407	407
TK0130	19687	4827	10897	1570
TK0131	21896	5211	8690	1363
TK0132	18758	2867	8188	1018
TK0133	8508	1313	4993	1007
TK0134	4325	845	3376	736
TK0135	16308	3339	24630	4069
TK0136	44843	10222	68542	13107
TK0137	4256	1056	6881	1347
TK0138	68	26	137	28
TK0139	19224	5513	28164	6570
TK0140	161	73	202	50
TK0141	1755	442	1363	1435
TK0142	7249	2114	4775	1401
TK0143	553	234	528	209
TK0144	6456	1363	7067	1184
TK0145	804	138	897	177
TK0146	671	70	761	154
TK0147	5752	783	5053	1247
TK0148	2112	497	2975	491
TK0150	11858	2254	18683	3792
TK0151	2240	501	1766	438
TK0152	286	65	166	43
TK0153	5083	1066	4419	744
TK0154	3611	725	1772	382
TK0155	20641	2270	13597	3347
TK0156	2385	510	2859	979
TK0157	1240	632	1435	416
TK0158	494	111	540	115
TK0159	241	72	335	88
TK0160	612	308	519	117
TK0161	79	5	1714	749
TK0162	60	2	805	255
TK0163	106	9	1870	820
TK0164	578	55	8238	3266
TK0165	362	34	6335	2510
TK0166	1043	112	17441	5016
TK0167	1217	290	689	2166
TK0168	56	7	24	15
TK0169	777	115	378	110
TK0170	3968	936	3145	710
TK0171	2217	417	2142	463
TK0172	2469	669	1976	471
TK0173	358	141	345	80
TK0174	1084	333	1453	356
TK0175	1946	446	1451	276
TK0176	183	64	129	50
TK0177	216	46	212	34
TK0178	2457	334	1526	588
TK0179	2047	465	1532	378
TK0180	4610	1045	3737	888
TK0181	2928	653	2464	692
TK0182	2544	899	2682	249
TK0183	10810	2049	7127	1032
TK0184	13048	2520	9498	2044
TK0185	6809	991	3004	795
TK0186	12379	3386	35323	5008
TK0187	3221	715	4116	975
TK0188	538	54	255	99
TK0189	1965	358	1462	448
TK0190	1636	346	1502	362
TK0191	1209	210	903	208
TK0192	690	114	464	121
TK0193	5252	804	3206	949
TK0194	19147	2880	11217	3168
TK0195	2915	774	5241	770
TK0196	168	207	285	62
TK0197	359	384	570	171
TK0198	33	8	123	36
TK0199	113	23	250	50
TK0200	1212	309	2716	693
TK0201	163	112	237	42
TK0202	54	54	62	10
TK0203	408	302	487	115
TK0204	223	253	278	113
TK0205	1536	309	1596	197
TK0206	2521	407	2656	251
TK0207	496	454	741	194
TK0208	57	78	91	34
TK0209	207	53	192	49
TK0210	180	259	211	168
TK0211	215	311	228	120
TK0212	1527	370	1485	432
TK0213	306	86	350	102
TK0214	311	102	298	119
TK0215	207	18	294	41
TK0216	3174	1520	3360	484
TK0217	7631	3942	8825	2004
TK0218	1203	255	1254	364
TK0219	3458	1396	3609	814
TK0220	78	50	83	27
TK0221	561	131	647	124
TK0222	525	138	582	127
TK0223	62	7	140	45
TK0224	37	12	78	50
TK0225	718	100	787	183
TK0226	2312	312	2310	474
TK0227	514	105	388	79
TK0228	60	9	27	11
TK0229	74	8	43	18
TK0230	2855	342	3864	416
TK0231	674	83	760	63
TK0232	758	120	940	218
TK0233	295	49	477	125
TK0234	63	18	165	51
TK0235	333	60	581	84
TK0236	234	69	501	130
TK0237	24	9	73	15
TK0238	192	51	777	235
TK0239	367	105	492	149
TK0240	484	141	706	180
TK0241	440	124	597	158
TK0242	1090	77	604	125
TK0243	593	44	278	18
TK0244	593	47	275	19
TK0245	241	23	124	10
TK0246	101	13	57	4
TK0247	158	17	84	8
TK0248	90	16	88	1
TK0249	121	5	88	0
TK0250	522	42	292	12
TK0251	229	22	170	4
TK0252	824	116	595	88
TK0253	386	65	190	32
TK0255	55	10	51	58
TK0256	97	15	71	32
TK0257	274	71	293	116
TK0258	347	36	283	102
TK0259	1399	233	781	65
TK0260	2523	374	1714	204
TK0261	192	31	181	21
TK0262	343	93	510	44
TK0263	285	58	319	45
TK0264	422	56	374	55
TK0265	442	73	395	85
TK0266	330	34	279	43
TK0267	1179	161	864	175
TK0268	1730	205	1388	403
TK0269	2171	202	1384	440
TK0270	2336	201	1951	599
TK0271	2402	249	2210	644
TK0272	39	7	48	20
TK0273	303	59	315	118
TK0274	317	34	259	23
TK0275	403	28	271	27
TK0276	244	23	173	29
TK0277	355	38	231	42
TK0278	175	9	114	33
TK0279	20	3	15	4
TK0280	83	4	73	18
TK0281	14	1	9	3
TK0282	93	13	58	26
TK0283	367	70	190	70
TK0284	4739	548	2949	525
TK0285	7	2	5	2
TK0286	26	6	24	22
TK0287	4	1	1	4
TK0288	3638	186	638	90
TK0289	3781	606	5142	2354
TK0290	934	177	1004	247
TK0291	440	83	412	50
TK0292	417	75	471	110
TK0293	539	105	518	92
TK0294	42	8	86	10
TK0295	491	92	750	86
TK0296	3194	750	3806	947
TK0297	1061	217	854	277
TK0298	1424	395	2398	631
TK0299	1628	365	3947	1979
TK0300	144	14	384	71
TK0301	147	6	464	101
TK0302	552	53	358	90
TK0303	4151	291	3155	508
TK0304	6289	1429	6196	2226
TK0305	20240	3265	10092	2210
TK0306	117783	20362	33252	3990
TK0307	71806	11135	32371	5899
TK0308	310231	54851	172586	30313
TK0309	169429	25275	81143	18205
TK0310	380	58	345	82
TK0311	244	66	248	44
TK0312	3402	1415	2429	442
TK0313	8301	3306	5931	1392
TK0314	2058	505	971	356
TK0315	607	148	283	109
TK0316	4135	882	3364	834
TK0317	1187	112	577	228
TK0318	454	41	271	97
TK0319	1214	203	930	321
TK0320	1012	193	738	118
TK0321	190	29	575	121
TK0322	96	9	323	41
TK0323	168	14	372	43
TK0324	56	4	71	8
TK0325	47	6	81	9
TK0326	123	11	151	28
TK0327	1133	200	2315	560
TK0328	5104	2047	1049	1028
TK0329	8644	2771	5971	1639
TK0330	3502	859	2993	502
TK0331	500	63	867	152
TK0332	429	91	891	184
TK0333	634	110	1207	268
TK0334	374	69	460	94
TK0335	127	47	131	27
TK0336	1495	448	1626	343
TK0337	1156	311	823	169
TK0338	3048	438	1663	422
TK0339	1281	127	1013	207
TK0340	311	34	262	55
TK0341	2956	412	2420	484
TK0342	1683	290	1352	307
TK0343	973	148	731	120
TK0344	39	7	25	11
TK0345	2078	301	1362	380
TK0346	180	46	249	52
TK0347	7264	2456	15208	2387
TK0348	4924	1272	12671	1622
TK0349	17466	2192	12166	2296
TK0350	4444	390	2734	430
TK0351	205	16	120	39
TK0352	18908	3479	14644	2454
TK0353	626	273	548	177
TK0354	262	62	258	111
TK0355	934	60	803	241
TK0356	3232	400	3481	754
TK0357	918	82	768	97
TK0358	4863	1104	4839	1334
TK0359	983	152	684	168
TK0360	2379	439	1899	458
TK0361	643	99	413	139
TK0362	2	0	0	8
TK0363	2366	610	2635	406
TK0364	1011	212	913	122
TK0365	1092	69	2192	349
TK0366	1041	171	4384	970
TK0367	617	94	414	70
TK0368	2454	344	1955	452
TK0369	792	104	539	164
TK0370	1757	221	1343	278
TK0371	471	87	352	79
TK0372	471	125	413	90
TK0373	19	0	15	34
TK0374	332	37	257	640
TK0375	6079	1882	4588	1359
TK0376	10066	1495	2539	422
TK0377	4828	876	3033	838
TK0378	11012	2573	8889	1269
TK0379	679	124	390	187
TK0380	373	64	234	155
TK0381	30	4	10	5
TK0382	4	0	1	1
TK0383	0	0	0	0
TK0384	0	0	0	0
TK0385	1	0	0	0
TK0386	0	0	0	0
TK0387	0	0	0	0
TK0388	0	0	0	0
TK0389	58	4	23	1
TK0390	198	16	102	6
TK0391	27	2	10	0
TK0392	0	0	0	0
TK0393	145	9	104	10
TK0394	394	33	237	33
TK0395	216	20	133	24
TK0396	83	8	61	7
TK0397	511	83	655	92
TK0398	62	5	157	32
TK0399	1459	177	2570	458
TK0400	519	70	816	73
TK0401	185	27	322	24
TK0402	1183	110	1356	218
TK0403	70	7	85	23
TK0404	174	12	929	80
TK0405	611	99	916	45
TK0406	193	32	227	14
TK0407	69	6	23	9
TK0408	747	54	368	139
TK0409	626	89	525	120
TK0410	287	27	153	46
TK0411	63	6	28	7
TK0412	6	0	1	4
TK0413	38	2	24	3
TK0414	3	1	3	0
TK0415	25	3	17	7
TK0416	56	8	44	8
TK0417	4	2	2	1
TK0418	17	1	18	2
TK0419	96	7	50	12
TK0420	55	2	45	4
TK0421	86	19	73	15
TK0422	9347	565	5767	987
TK0423	2848	521	3849	1486
TK0424	269	82	264	281
TK0425	79	40	85	58
TK0426	227	106	17374	3067
TK0427	128	47	8761	1803
TK0428	520	160	1855	537
TK0429	302	94	819	178
TK0430	36	11	24	9
TK0431	64	14	26	8
TK0432	26	6	12	2
TK0433	85	11	59	18
TK0434	40	11	29	6
TK0435	167	29	97	25
TK0436	4661	1541	4756	719
TK0437	979	136	1771	245
TK0438	783	156	1485	347
TK0439	372	74	299	42
TK0440	6629	2026	3492	1136
TK0441	15817	3449	5881	3088
TK0442	203	11	4378	697
TK0443	324	34	3144	646
TK0444	7170	1133	9511	2910
TK0445	96	13	51	17
TK0446	833	76	1895	74
TK0447	440	38	963	39
TK0448	424	34	1001	38
TK0449	609	59	1628	66
TK0450	1699	127	3833	119
TK0451	2175	275	6343	167
TK0452	1551	217	4600	116
TK0453	6596	890	18623	517
TK0454	1454	239	4619	189
TK0455	570	58	1375	231
TK0456	227	29	364	63
TK0457	140	19	252	51
TK0458	390	82	1093	328
TK0459	874	156	2335	951
TK0460	1107	138	3827	1398
TK0461	889	133	2678	899
TK0462	1680	254	5837	1919
TK0463	1611	286	5245	2312
TK0464	722	153	1822	1354
TK0465	45605	13285	43468	7912
TK0466	1480	435	1915	274
TK0467	8378	890	34344	3127
TK0468	928	378	650	131
TK0469	585	106	619	101
TK0470	24921	3616	16960	3365
TK0471	33758	10667	33939	1410
TK0472	287	40	218	48
TK0473	315	31	265	53
TK0474	1017	172	912	287
TK0475	30147	4911	20406	3953
TK0476	6475	1364	3999	724
TK0477	3814	559	2669	670
TK0478	210	21	181	33
TK0479	2169	290	1678	414
TK0480	1386	162	1204	276
TK0481	5169	675	2045	602
TK0482	251	35	474	552
TK0483	92	10	156	70
TK0484	35	4	70	23
TK0485	70	4	75	26
TK0486	58	6	45	10
TK0487	92	5	71	21
TK0488	114	13	92	20
TK0489	145	15	108	36
TK0490	43	7	36	14
TK0491	252	16	265	47
TK0492	13696	2273	7697	1893
TK0493	39758	4862	25532	3717
TK0494	1975	280	2366	596
TK0495	1344	249	1742	267
TK0496	3	0	0	1
TK0497	2918	229	1782	669
TK0498	953	290	580	142
TK0499	5438	1446	7748	1269
TK0500	179	58	245	45
TK0501	354	105	621	99
TK0502	5512	1684	7952	1881
TK0503	378	137	576	140
TK0504	637	190	1105	227
TK0505	563	106	453	67
TK0506	3920	865	3211	937
TK0507	2979	358	2492	528
TK0508	2696	214	2064	357
TK0509	613	78	442	147
TK0510	5246	1379	5594	930
TK0511	6156	1136	4157	892
TK0512	2885	576	1750	376
TK0513	2947	511	1098	826
TK0514	331	19	168	53
TK0515	585	61	606	72
TK0516	2512	177	1596	173
TK0517	5585	907	3543	768
TK0518	615	129	406	133
TK0519	919	135	527	162
TK0520	1372	221	1725	561
TK0521	2808	742	2058	498
TK0522	1341	209	1089	230
TK0523	745	355	760	421
TK0524	4572	1607	4015	1880
TK0525	47437	10825	37510	13285
TK0526	408	73	1706	482
TK0527	1513	761	1147	678
TK0528	21490	6066	34951	7042
TK0529	554	150	466	270
TK0530	128	29	83	44
TK0531	109	25	90	51
TK0532	118	19	99	54
TK0533	1911	358	759	288
TK0534	586	66	198	41
TK0535	16635	3038	10355	1572
TK0536	5795	902	2993	389
TK0537	495946	125286	223055	97553
TK0538	266	33	222	41
TK0539	5968	1397	3787	3703
TK0540	2923	564	2619	1044
TK0541	6753	1844	18385	2434
TK0542	1432	351	3772	542
TK0543	38	7	127	20
TK0544	500	150	1467	179
TK0545	8653	2017	5201	575
TK0546	97	17	121	56
TK0547	481	103	342	123
TK0548	13512	4781	23366	2172
TK0549	8558	1036	5300	1158
TK0550	13249	1554	7176	2699
TK0551	3149	1033	2786	298
TK0552	1192	552	1222	107
TK0553	5930	763	4493	1038
TK0554	1887	168	1698	277
TK0555	253	25	341	132
TK0556	3393	585	3258	839
TK0557	557	81	400	158
TK0558	6356	1005	3478	1955
TK0559	5319	838	2118	1444
TK0560	58618	6010	27637	4378
TK0561	1059	538	1052	376
TK0562	639	92	459	73
TK0563	1717	273	1270	356
TK0564	1333	340	1035	346
TK0565	867	296	652	113
TK0566	12118	1330	9294	1606
TK0567	1810	230	1245	258
TK0568	11646	1156	7271	2157
TK0569	46569	6583	37240	7090
TK0570	31712	4465	23499	4475
TK0571	10104	2051	5147	1223
TK0572	11317	2000	7955	1212
TK0573	1525	250	806	123
TK0574	22796	3763	14804	2827
TK0575	198	44	174	56
TK0576	105	16	95	26
TK0577	15	1	12	2
TK0578	33	4	25	0
TK0579	32	0	20	5
TK0580	12	0	7	0
TK0581	2	0	3	0
TK0582	101	5	65	7
TK0583	26	1	10	8
TK0584	2	0	5	0
TK0585	13	0	4	0
TK0586	2	1	3	0
TK0587	226	21	81	24
TK0588	1962	226	1434	134
TK0589	212	42	352	50
TK0590	152	58	250	32
TK0591	1961	311	1691	237
TK0592	445	49	667	42
TK0593	981	119	1290	140
TK0594	377	61	261	38
TK0595	121	28	447	65
TK0596	213	18	880	178
TK0597	525	57	334	40
TK0598	22	3	25	3
TK0599	84	14	76	9
TK0600	93	3	66	9
TK0601	259	26	110	21
TK0602	321	27	247	33
TK0603	27	1	17	4
TK0604	38	2	14	3
TK0605	135	4	58	4
TK0606	1	0	0	0
TK0607	0	0	0	0
TK0608	0	0	0	0
TK0609	75	16	47	13
TK0610	188	28	120	43
TK0611	0	0	0	0
TK0612	0	0	0	0
TK0613	3	0	3	4
TK0614	31	7	19	6
TK0615	14767	1951	8636	2825
TK0616	6006	660	2900	990
TK0617	10622	1562	7241	1658
TK0618	2039	324	1698	348
TK0619	391	50	282	65
TK0620	330	45	283	46
TK0621	34	3	18	5
TK0622	22	9	27	12
TK0623	208	41	230	40
TK0624	24	10	28	11
TK0625	419	49	511	87
TK0626	679	199	296	174
TK0627	3387	1119	2009	526
TK0628	5830	1396	6207	1180
TK0629	3893	818	3764	769
TK0630	5479	876	5387	1309
TK0631	422	122	225	54
TK0632	290	136	223	48
TK0633	1291	587	1003	254
TK0634	1832	548	1522	352
TK0635	416	95	341	54
TK0636	352	72	194	34
TK0637	164	28	90	13
TK0638	2239	269	1321	169
TK0639	228	32	165	25
TK0640	811	99	493	85
TK0641	3257	366	1841	297
TK0642	1370	150	664	102
TK0643	13929	3087	9780	2127
TK0644	5683	1191	3408	731
TK0645	8292	2176	4986	612
TK0646	4047	799	2509	206
TK0647	4887	541	14139	1339
TK0648	1290	252	1011	235
TK0649	5313	746	2738	895
TK0650	11239	2876	7659	974
TK0651	668	181	472	120
TK0652	576	576	451	209
TK0653	8210	904	6050	679
TK0654	3872	515	3870	360
TK0655	1434	92	1936	194
TK0656	1450	144	1270	392
TK0657	36356	5566	31720	5652
TK0658	9358	1580	6319	1181
TK0659	3597	664	2605	426
TK0660	5600	1024	4041	760
TK0661	1311	438	1148	316
TK0662	631	103	1223	847
TK0663	10177	1124	5060	1493
TK0664	0	1	0	1
TK0665	92614	20537	65314	13828
TK0666	1302	329	1529	370
TK0667	368	97	236	96
TK0668	5175	1116	4870	1142
TK0669	15332	2563	11451	2771
TK0670	1282	302	1408	337
TK0671	4642	836	3905	947
TK0672	28	3	28	7
TK0673	1479	285	1122	320
TK0674	856	92	729	165
TK0675	148	13	5513	494
TK0676	942	154	12643	1570
TK0677	2276	829	1432	732
TK0678	54293	31738	27319	4847
TK0679	743	92	885	121
TK0680	32	5	26	1
TK0681	81	4	47	2
TK0682	5752	891	3782	772
TK0683	3886	1536	8694	1079
TK0684	4677	2256	11439	2577
TK0685	1172	179	751	312
TK0686	1394	284	920	324
TK0687	808	126	619	178
TK0688	266	28	201	21
TK0689	321	50	291	38
TK0690	3407	487	3146	364
TK0691	1201	187	1178	174
TK0692	314	58	361	30
TK0693	264	70	281	39
TK0694	593	141	672	107
TK0695	43	12	42	57
TK0696	126	35	122	178
TK0697	1063	218	756	90
TK0698	3405	1446	4110	407
TK0699	3877	1436	4142	567
TK0700	377	17	154	126
TK0701	1710	616	2494	397
TK0702	1377	508	1811	405
TK0703	704	292	1252	224
TK0704	791	163	824	217
TK0705	2778	520	12697	2578
TK0706	2520	270	37836	7915
TK0707	304	68	5012	924
TK0708	303	62	5792	894
TK0709	332	69	5500	862
TK0710	1293	143	13974	1274
TK0711	529	83	268	103
TK0712	468	58	446	200
TK0713	47	6	32	7
TK0714	160	23	151	28
TK0715	3	0	1	0
TK0716	0	0	0	0
TK0717	161	35	3823	945
TK0718	145	23	3051	462
TK0719	239	47	5613	608
TK0720	42	9	737	101
TK0721	60	40	60	9
TK0722	44	14	34	7
TK0723	219	110	225	98
TK0724	2118	421	4168	693
TK0725	211	59	303	53
TK0726	119	22	183	41
TK0727	637	115	796	269
TK0728	1225	337	1211	363
TK0729	815	664	617	120
TK0730	3625	1797	2513	681
TK0731	1869	1117	1310	634
TK0732	346	254	996	278
TK0733	33	17	69	22
TK0734	519	179	848	254
TK0735	492	163	815	194
TK0736	1154	318	1318	323
TK0737	59	9	50	10
TK0738	731	211	527	64
TK0739	3	0	4	1
TK0740	7	0	1	2
TK0741	871	189	535	78
TK0742	659	85	660	196
TK0743	1413	300	786	138
TK0744	762	288	789	204
TK0745	982	177	844	129
TK0746	2614	458	1897	450
TK0747	757	115	285	133
TK0748	362	25	138	118
TK0749	2776	308	1508	388
TK0750	2447	896	1903	2667
TK0751	347	38	1909	507
TK0752	6732	3241	6389	559
TK0753	64	1	223	89
TK0754	11687	1913	6624	2593
TK0755	1266	235	890	170
TK0756	1270	293	1064	127
TK0757	930	504	763	178
TK0758	1272	458	1042	242
TK0759	20155	3503	12494	4517
TK0760	6415	1378	4101	1658
TK0761	428	120	118	210
TK0762	673	260	542	236
TK0763	298	149	264	126
TK0764	8827	1661	6630	1525
TK0765	8092	1293	7215	1353
TK0766	279	74	240	96
TK0767	485	83	397	115
TK0768	95	20	88	18
TK0769	308	148	298	103
TK0770	489	250	280	108
TK0771	632	115	201	72
TK0772	1601	234	609	114
TK0773	928	41	2767	165
TK0774	890	98	693	97
TK0775	2774	484	2139	481
TK0776	1598	478	853	162
TK0777	4122	768	3677	841
TK0778	10585	1849	7258	2101
TK0779	1847	298	918	414
TK0780	500	88	310	66
TK0781	23110	7407	29986	4260
TK0782	576	151	441	62
TK0783	2245	345	1125	341
TK0784	5440	949	3032	865
TK0785	744	160	1035	286
TK0786	1025	305	1014	186
TK0787	1224	391	1161	314
TK0788	962	263	736	160
TK0789	2645	602	2387	710
TK0790	1052	189	1102	218
TK0791	976	229	993	167
TK0792	653	128	664	100
TK0793	5813	1334	6967	1325
TK0794	4039	841	7738	934
TK0795	5212	981	7892	1241
TK0796	2217	465	1461	241
TK0797	6984	1320	4506	740
TK0798	10715	2152	6299	1650
TK0799	14752	3311	7716	2395
TK0800	1902	577	1084	511
TK0801	4650	1090	2476	1568
TK0802	1827	440	966	678
TK0803	2072	598	1218	435
TK0804	1146	296	710	100
TK0805	1959	480	1246	188
TK0806	2379	673	1436	183
TK0807	9772	1852	5240	1120
TK0808	474	76	218	45
TK0809	13388	1991	10115	1978
TK0810	23556	4192	18732	1759
TK0811	20657	3850	13862	1510
TK0812	442	126	327	187
TK0813	1198	285	663	575
TK0814	19702	4839	20891	4437
TK0815	878	519	811	186
TK0816	2439	1384	3531	985
TK0817	3804	3070	5397	1635
TK0818	3	0	7	4
TK0819	1647	1265	1315	337
TK0820	225	170	143	34
TK0821	2386	54	13006	5249
TK0822	325	107	149	55
TK0823	129	29	61	9
TK0824	1218	293	701	190
TK0825	56	15	40	10
TK0826	10660	3281	9561	1414
TK0827	1943	336	2423	184
TK0828	585	120	9017	1098
TK0829	32	5	61	17
TK0830	51	29	45	18
TK0831	36	21	21	12
TK0832	362	130	173	104
TK0833	153	26	141	28
TK0834	274	60	230	71
TK0835	142	123	262	115
TK0836	445	126	434	85
TK0837	307	113	261	72
TK0838	44	14	31	15
TK0839	83	8	85	33
TK0840	263	70	294	88
TK0841	40	15	47	8
TK0842	1170	165	2237	304
TK0843	1007	278	1157	827
TK0844	18237	5633	16053	1614
TK0845	8829	2674	7726	953
TK0846	260	32	196	34
TK0847	339	49	268	78
TK0848	632	88	544	108
TK0849	262	69	303	55
TK0850	3567	793	3270	480
TK0851	440	121	229	29
TK0852	150	28	782	269
TK0853	376	198	4858	1068
TK0854	719	92	1970	532
TK0855	1567	399	2234	492
TK0856	179	42	554	105
TK0857	282	78	667	121
TK0858	399	96	852	198
TK0859	423	79	839	158
TK0860	119	36	383	82
TK0861	82	36	870	298
TK0862	34	8	235	79
TK0863	96	49	893	164
TK0864	100	45	1101	166
TK0865	747	317	37912	2494
TK0866	16305	3631	9436	1754
TK0867	1132	202	935	329
TK0868	7246	1124	3892	1235
TK0869	1254	76	4023	669
TK0870	1739	200	1561	190
TK0871	2890	967	4814	1465
TK0872	1864	386	1270	391
TK0873	1498	431	1150	278
TK0874	544	204	333	98
TK0875	3641	922	1778	310
TK0876	1479	337	802	125
TK0877	5460	889	4749	431
TK0878	14703	1988	9245	2806
TK0879	1762	216	933	219
TK0880	1516	224	655	108
TK0881	435	58	215	24
TK0882	3360	397	1963	464
TK0883	1663	357	1422	395
TK0884	2614	605	2571	316
TK0885	12241	2134	7056	1452
TK0886	1046	161	1171	196
TK0887	1446	183	1339	213
TK0888	127	21	111	21
TK0889	215	38	140	36
TK0890	468	88	501	113
TK0891	2372	391	2314	497
TK0892	1425	219	1293	189
TK0893	4890	989	5712	812
TK0894	7445	1327	8158	1137
TK0895	764110	191853	663263	162648
TK0896	23568	4070	10880	2247
TK0897	3676	448	2085	515
TK0898	960	195	623	237
TK0899	4741	1270	3934	616
TK0900	10358	2392	6412	1187
TK0901	16804	3088	10210	1540
TK0902	10370	2180	7341	1243
TK0903	2202	454	1669	457
TK0904	841	108	473	173
TK0905	842	109	545	98
TK0906	284	71	217	65
TK0907	1409	254	1163	321
TK0908	4601	796	3501	1165
TK0909	373	52	294	54
TK0910	813	108	621	125
TK0911	6275	971	5727	784
TK0912	475	87	380	107
TK0913	85	24	91	28
TK0914	15830	3695	15556	2146
TK0915	3510	738	3425	889
TK0916	11771	4689	20939	4856
TK0917	1315	425	1906	254
TK0918	2749	960	3635	595
TK0919	8	0	3	0
TK0920	16	3	22	2
TK0921	5894	941	4964	1366
TK0922	946	134	758	128
TK0923	183	31	144	24
TK0924	1919	207	1379	211
TK0925	13560	2126	9437	1372
TK0926	32	3	17	10
TK0927	2181	214	1178	338
TK0928	13741	2543	7360	1843
TK0929	3600	523	2981	882
TK0930	6290	984	4470	958
TK0931	465	46	468	166
TK0932	4	0	2	0
TK0933	136	12	105	29
TK0934	1745	165	1273	374
TK0935	5873	2824	2832	1557
TK0936	914	497	288	210
TK0937	2822	1298	941	400
TK0938	876	92	208	94
TK0939	4296	492	1879	685
TK0940	2749	320	1703	357
TK0941	1703	355	5094	844
TK0942	1886	332	6401	762
TK0943	59438	13368	91878	10454
TK0944	51351	12540	60436	10687
TK0945	570	77	414	117
TK0946	7947	1307	4194	1019
TK0947	15107	1815	8669	2037
TK0948	5479	547	2193	568
TK0949	2936	398	1724	610
TK0950	4583	544	1228	398
TK0951	2419	596	2236	479
TK0952	4077	956	3605	1198
TK0953	17498	2951	9447	2740
TK0954	1993	342	1218	216
TK0955	83656	13469	40484	5892
TK0956	77	81	101	11
TK0957	609	600	697	128
TK0958	7	25	22	6
TK0959	2531	466	1922	269
TK0960	1600	499	1188	304
TK0961	1254	359	802	225
TK0962	463	63	307	103
TK0963	812	94	498	108
TK0964	8384	1534	6678	786
TK0965	1063	166	703	102
TK0966	394	70	445	64
TK0967	4840	826	5112	993
TK0968	2788	764	3581	459
TK0969	1013	268	523	255
TK0970	1364	317	1475	511
TK0971	1661	330	1710	382
TK0972	2870	391	981	256
TK0973	1169	181	570	72
TK0974	13195	3507	6033	790
TK0975	10645	928	4817	1409
TK0976	8316	1331	4191	1828
TK0977	2257	267	528	102
TK0978	11254	1148	5989	1385
TK0979	3623	415	1929	237
TK0980	116	20	141	22
TK0981	3701	543	1755	508
TK0982	3286	521	10597	1245
TK0983	303	16	307	104
TK0984	5824	1277	3787	743
TK0985	57530	11074	31742	4759
TK0986	1932	385	957	425
TK0987	1075	211	721	198
TK0988	28	5	22	5
TK0989	11094	2639	4472	695
TK0990	3894	872	1792	1007
TK0991	8634	4216	11013	2463
TK0992	167	80	188	61
TK0993	156	72	176	20
TK0994	1435	437	1287	292
TK0995	287	78	246	52
TK0996	976	198	819	107
TK0997	111	30	67	18
TK0998	179	25	150	32
TK0999	894	204	664	170
TK1000	24	6	17	5
TK1001	462	91	287	84
TK1002	6834	2320	7894	1478
TK1003	902	161	1483	390
TK1004	8869	2340	6709	1059
TK1005	5382	865	4133	1065
TK1006	5184	362	3241	213
TK1007	6437	514	4417	482
TK1008	1028	194	1954	313
TK1009	235	13	894	45
TK1010	102	8	278	17
TK1011	5826	590	934	69
TK1012	8007	750	1587	141
TK1013	120	38	155	34
TK1014	338	66	301	77
TK1015	3631	616	2978	823
TK1016	10510	1226	10425	2973
TK1017	84617	9160	67897	10167
TK1018	17698	2292	14528	1164
TK1019	58	11	69	32
TK1020	982	92	842	191
TK1021	5491	1119	5170	1570
TK1022	1453	313	1644	435
TK1023	583	190	1328	1507
TK1024	3833	419	30326	6356
TK1025	2560	255	26424	4432
TK1026	1944	410	1235	207
TK1027	1195	155	625	88
TK1028	152	23	69	24
TK1029	1288	205	657	114
TK1030	1369	300	803	270
TK1031	14098	2315	8088	3104
TK1032	2887	661	2017	470
TK1033	1562	196	891	95
TK1034	3564	517	1587	483
TK1035	1281	367	1839	403
TK1036	508	124	533	114
TK1037	2676	668	3047	496
TK1038	1768	381	1732	293
TK1039	1481	308	1600	369
TK1040	6321	2022	5667	1076
TK1041	296	64	233	218
TK1042	753	195	612	250
TK1043	296	77	276	60
TK1044	557	135	383	74
TK1045	1098	267	1021	385
TK1046	27041	4858	15383	3866
TK1047	2993	458	3415	540
TK1048	6669	1555	6735	1215
TK1049	19042	2387	9786	2519
TK1050	2560	569	3767	1467
TK1051	6092	431	15595	11041
TK1052	646	72	473	55
TK1053	1754	312	1082	137
TK1054	226	31	158	36
TK1055	418	315	697	162
TK1056	5197	1854	5954	1145
TK1057	2178	206	1195	305
TK1058	139	13	51	15
TK1059	2484	295	766	327
TK1060	4342	962	5033	841
TK1061	2645	516	2171	419
TK1062	1222	320	501	109
TK1063	3238	745	2855	931
TK1064	1980	405	872	114
TK1065	202	57	49	9
TK1066	3560	417	227	196
TK1067	1917	185	1162	559
TK1068	656	95	460	117
TK1069	432	31	291	45
TK1070	20	5	21	1
TK1071	2903	408	2381	443
TK1072	509	67	388	45
TK1073	898	162	860	158
TK1074	5421	1103	4031	669
TK1075	570	111	486	93
TK1076	520	73	217	68
TK1077	68448	9413	32404	5454
TK1078	34643	5051	16243	3958
TK1079	17687	2967	6888	1729
TK1080	10888	1507	4533	1182
TK1081	56477	7550	22528	5095
TK1082	77703	8495	28704	5891
TK1083	96665	10250	38810	10927
TK1084	3760	745	1463	611
TK1085	26364	12630	14802	2195
TK1086	7209	1226	2613	435
TK1087	891	141	420	73
TK1088	23966	4091	12556	1855
TK1089	1444	240	1280	251
TK1090	863	201	530	291
TK1091	14291	2085	8953	1612
TK1092	4490	818	3600	746
TK1093	454	93	401	121
TK1094	8050	1475	11689	2284
TK1095	147	25	55	19
TK1096	558	89	362	88
TK1097	326	77	254	763
TK1098	4948	547	3072	743
TK1099	8326	912	4882	1050
TK1100	10656	1997	7099	3004
TK1101	246	53	172	54
TK1102	9594	2028	6605	1395
TK1103	615	74	539	135
TK1104	314	22	304	65
TK1105	84	16	162	38
TK1106	134	30	387	70
TK1107	2039	184	4868	1911
TK1108	8897	1040	6009	1081
TK1109	7373	1064	5698	1415
TK1110	7213	746	2780	782
TK1111	8454	1039	4875	892
TK1112	1712	230	1027	285
TK1113	1281	116	791	165
TK1114	2690	334	1608	372
TK1115	5096	1426	6431	1126
TK1116	1307	186	1061	249
TK1117	80	15	64	24
TK1118	1577	247	1849	314
TK1119	1205	151	1651	296
TK1120	1042	143	826	94
TK1121	122	23	230	917
TK1122	20	4	18	171
TK1123	2482	868	2886	464
TK1124	3847	1245	4808	822
TK1125	5392	1685	5945	1280
TK1126	1473	414	1523	282
TK1127	816	279	769	213
TK1128	498	175	379	137
TK1129	2578	858	2243	754
TK1130	4590	1360	3790	1359
TK1131	1196	367	845	412
TK1132	36	9	42	18
TK1133	920	187	3926	837
TK1134	361	76	1359	266
TK1135	8185	1044	3138	1240
TK1136	3135	561	913	200
TK1137	1765	391	1558	475
TK1138	749	138	316	212
TK1139	228	70	157	59
TK1140	17877	2107	12418	3538
TK1141	1782	345	1023	230
TK1142	371	102	263	83
TK1143	4096	482	1219	33
TK1144	5766	979	1655	59
TK1145	5802	1414	1543	71
TK1146	1320	259	2368	603
TK1147	6435	1460	6172	1110
TK1148	18068	934	5312	2742
TK1149	19629	5930	10636	3982
TK1150	2973	825	3658	394
TK1151	1362	401	1442	186
TK1152	1890	618	2490	358
TK1153	269	44	156	104
TK1154	21	0	13	2
TK1155	121	30	52	603
TK1156	36	0	27	10
TK1157	1321	741	922	7218
TK1158	3217	666	5260	1882
TK1159	101	3	18	14
TK1160	48	3	111	44
TK1161	2119	497	2099	566
TK1162	1990	478	1475	244
TK1163	4591	1006	3240	514
TK1164	2890	746	1939	416
TK1165	6369	675	3920	987
TK1166	1514	314	947	446
TK1167	2908	510	1483	484
TK1168	3114	525	1627	557
TK1169	1948	343	1112	537
TK1170	21642	3947	21331	6160
TK1171	1788	258	1895	422
TK1172	6103	893	6829	1735
TK1173	7029	1311	4367	1078
TK1174	4332	778	2788	802
TK1175	373	89	321	71
TK1176	2658	577	2390	304
TK1177	24167	5658	16538	1934
TK1178	1540	382	1213	304
TK1179	647	81	715	117
TK1180	861	134	1020	229
TK1181	792	215	611	131
TK1182	5750	1326	3288	743
TK1183	1923	568	2177	481
TK1184	137	30	166	18
TK1185	220	28	204	45
TK1186	29289	10371	30679	5148
TK1187	2118	378	2481	246
TK1188	2269	499	2934	447
TK1189	702	181	703	113
TK1190	12368	1453	5399	1402
TK1191	16598	1671	8028	2563
TK1192	2611	512	2527	576
TK1193	18626	1994	9990	3382
TK1194	5227	516	2145	548
TK1195	1875	222	811	221
TK1196	1568	303	919	320
TK1197	477	60	290	65
TK1198	5702	858	3632	614
TK1199	3045	499	1920	421
TK1200	170	29	137	29
TK1201	451	77	1333	215
TK1202	1170	292	662	147
TK1203	629	163	340	77
TK1204	706	228	366	88
TK1205	439	181	476	264
TK1206	168	21	119	37
TK1207	2951	716	3953	725
TK1208	892	200	847	157
TK1209	655	190	4981	1017
TK1210	347	48	139	73
TK1211	529	74	1313	333
TK1212	9144	824	3691	1252
TK1213	1301	277	1674	158
TK1214	7762	1794	6775	324
TK1215	13770	3173	11967	695
TK1216	6724	1521	5209	308
TK1217	6276	1509	4727	320
TK1218	6655	1577	4479	276
TK1219	14267	3216	10689	651
TK1220	12610	3338	9987	621
TK1221	3288	756	2411	99
TK1222	8606	2393	6286	304
TK1223	2942	780	2187	92
TK1224	3406	967	2668	96
TK1225	1473	361	983	44
TK1226	6075	1087	4268	332
TK1227	2035	791	2704	2061
TK1228	12039	1294	1402	416
TK1229	3215	547	5057	1162
TK1230	3928	616	3675	794
TK1231	3595	470	3388	1327
TK1232	6152	823	5572	1307
TK1233	3120	890	2769	482
TK1234	1347	419	1248	217
TK1235	15230	1808	7915	2192
TK1236	280	80	208	101
TK1237	757	213	693	221
TK1238	1162	261	1093	243
TK1239	9526	2225	4573	2363
TK1240	300	67	135	60
TK1241	3398	724	2014	470
TK1242	1319	231	700	75
TK1243	6599	1008	3668	589
TK1244	3808	704	1605	764
TK1245	71131	11791	31678	10189
TK1246	376	156	242	23
TK1247	2901	830	3133	801
TK1248	673	111	625	123
TK1249	3016	632	2829	660
TK1250	3491	160	1878	386
TK1251	41926	3397	20022	5887
TK1252	29226	2998	14751	2673
TK1253	2306	271	1148	163
TK1254	56022	6155	28122	4865
TK1255	2297	264	984	276
TK1256	3040	428	1709	307
TK1257	10107	1362	6465	751
TK1258	2033	401	438	162
TK1259	2183	512	627	321
TK1260	207	40	171	28
TK1261	1336	250	1141	185
TK1262	1250	203	912	206
TK1263	9512	1854	8674	3208
TK1264	18745	3682	14215	6109
TK1265	208	41	115	31
TK1266	1904	426	1459	396
TK1267	2229	269	1333	206
TK1268	15640	2432	9710	1952
TK1269	2381	270	1128	246
TK1270	639	186	639	205
TK1271	252	97	264	88
TK1272	2374	271	1774	552
TK1273	142	21	151	46
TK1274	31933	6394	17818	5948
TK1275	2179	221	723	400
TK1276	41696	5314	19388	5505
TK1277	100	10	1114	134
TK1278	1936	261	834	270
TK1279	3125	486	1230	409
TK1280	23304	2960	12290	3755
TK1281	3456	828	5326	1168
TK1282	1824	611	6539	1827
TK1283	969	109	639	212
TK1284	3625	2621	3513	466
TK1285	2499	513	1804	595
TK1286	14762	1882	7201	1845
TK1287	4255	1479	5210	962
TK1288	4577	866	3357	519
TK1289	12706	3618	1695	244
TK1290	1239	216	527	74
TK1291	1449	336	713	148
TK1292	193190	38928	127348	17195
TK1293	5291	482	2810	410
TK1294	215	25	168	41
TK1295	24624	5760	17416	4209
TK1296	602	113	329	117
TK1297	3839	468	2459	968
TK1298	5595	824	3740	998
TK1299	12173	1942	7494	1203
TK1300	3729	287	2886	418
TK1301	1704	233	1640	257
TK1302	1413	237	1256	272
TK1303	47	10	273	175
TK1304	323	53	2822	990
TK1305	20037	3172	15268	3502
TK1306	492	169	1617	366
TK1307	5954	1365	8395	1544
TK1308	6579	696	13347	2876
TK1309	11336	1759	5741	1423
TK1310	4592	564	2581	452
TK1311	76132	15108	53135	13434
TK1312	9543	2177	9816	1706
TK1313	2341	395	1483	785
TK1314	897	97	536	82
TK1315	3679	391	2682	517
TK1316	1500	288	5735	1457
TK1317	206	28	816	219
TK1318	1411	255	1357	334
TK1319	622	70	319	75
TK1320	8095	745	3360	1143
TK1321	20750	2583	10031	3030
TK1322	8202	822	4743	1174
TK1323	5880	1047	2130	243
TK1324	4430	1241	1967	206
TK1325	49613	14952	38018	1017
TK1326	28513	8679	20746	1003
TK1327	1361	248	1217	219
TK1328	2400	615	1821	476
TK1329	697	223	602	351
TK1330	2784	427	1539	437
TK1331	13468	3595	17377	2940
TK1332	10171	2035	6720	1892
TK1333	286	124	102	68
TK1334	2482	226	992	140
TK1335	1658	184	724	148
TK1336	1541	413	1361	165
TK1337	937	275	938	142
TK1338	172	54	124	20
TK1339	58	23	44	6
TK1340	138	94	97	8
TK1341	376	227	196	25
TK1342	2712	317	1224	664
TK1343	1060	145	859	67
TK1344	406	86	412	132
TK1345	175	10	99	26
TK1346	6	0	2	0
TK1347	62	10	30	3
TK1348	66	6	29	4
TK1349	4	0	2	1
TK1350	25	1	11	1
TK1351	103	9	54	12
TK1352	174	20	78	13
TK1353	800	137	618	234
TK1354	53	16	34	12
TK1355	5	1	2	1
TK1356	18	1	8	2
TK1357	22	3	13	2
TK1358	3	0	0	1
TK1359	17	0	5	1
TK1360	8	0	7	0
TK1361	115	6	53	12
TK1362	579	129	761	117
TK1363	19	0	10	1
TK1364	91	4	55	9
TK1365	3	0	2	1
TK1366	3	1	2	0
TK1367	22	4	22	9
TK1368	5	0	0	1
TK1369	10	1	5	3
TK1370	9	1	14	9
TK1371	12	4	38	6
TK1372	42	12	36	12
TK1373	6	2	9	1
TK1374	7	1	18	0
TK1375	53	6	53	30
TK1376	1174	182	1051	157
TK1377	601	65	618	70
TK1378	1873	223	905	414
TK1379	13932	2845	19779	3206
TK1380	7098	1772	10191	2274
TK1381	11408	1101	4493	221
TK1382	3099	354	1602	421
TK1383	5129	421	2821	607
TK1384	838	89	608	224
TK1385	194	345	374	100
TK1386	284	119	341	133
TK1387	1068	332	1144	373
TK1388	271	57	363	70
TK1389	672	175	870	186
TK1390	605	63	2077	394
TK1391	1367	153	926	193
TK1392	7156	820	5337	1153
TK1393	5208	509	4306	1617
TK1394	46	5	343	63
TK1395	242	27	436	43
TK1396	4762	623	4203	518
TK1397	4470	585	3129	428
TK1398	85	10	38	25
TK1399	5169	546	1273	402
TK1400	3311	395	1320	244
TK1401	2480	286	1306	153
TK1402	973	136	2658	328
TK1403	9346	1613	3669	605
TK1404	2195	723	2054	354
TK1405	17010	4173	33251	3960
TK1406	12566	1463	7420	840
TK1407	5604	714	1735	108
TK1408	18800	2235	13150	3513
TK1409	605	115	350	42
TK1410	68175	12089	55576	9686
TK1411	11635	2402	10773	1715
TK1412	1469	191	925	714
TK1413	49944	12954	33623	4153
TK1414	735	116	535	135
TK1415	47415	7668	26731	4022
TK1416	123376	18353	64273	7991
TK1417	80198	13101	37836	7597
TK1418	46468	6335	33051	5892
TK1419	9869	1697	7959	1398
TK1420	2092	436	1360	367
TK1421	29663	5485	19130	6004
TK1422	2755	677	2237	579
TK1423	790	199	851	115
TK1424	4954	1203	5447	726
TK1425	869	307	1045	255
TK1426	11554	1552	6973	1440
TK1427	4877	606	1853	439
TK1428	66051	7345	24514	3545
TK1429	14480	1529	5137	1518
TK1430	6389	1236	4585	1044
TK1431	101435	53927	220622	30371
TK1432	3698	1883	1333	900
TK1433	52	25	23	8
TK1434	2332	808	1122	253
TK1435	584	133	355	134
TK1436	4514	556	1293	285
TK1437	145	39	87	48
TK1438	3192	671	2551	770
TK1439	969	279	661	185
TK1440	1287	215	955	188
TK1441	1297	211	1121	199
TK1442	1918	139	1439	261
TK1443	119	11	117	8
TK1444	71	12	80	10
TK1445	85	16	116	12
TK1446	212	13	207	22
TK1447	137	17	115	25
TK1448	112	23	130	10
TK1449	120	32	114	21
TK1450	1146	241	874	227
TK1451	887	148	856	260
TK1452	444	35	797	291
TK1453	3908	278	3653	460
TK1454	24101	2959	11555	2541
TK1455	2484	525	1920	389
TK1456	4837	868	4478	968
TK1457	2999	529	2286	720
TK1458	820	196	348	70
TK1459	6220	123	24625	11524
TK1460	23666	4303	28641	5205
TK1461	24464	2196	12571	3969
TK1462	137	8	925	375
TK1463	1980	286	41180	9499
TK1464	189	87	111	44
TK1465	859	580	622	146
TK1466	1101	343	1442	396
TK1467	999	133	643	170
TK1468	14538	2315	7215	1432
TK1469	13241	2437	6397	774
TK1470	5072	954	4768	1179
TK1471	2827	473	1852	484
TK1472	1241	180	1596	231
TK1473	854	103	1077	195
TK1474	2123	295	2798	601
TK1475	569	83	703	148
TK1476	306	80	441	128
TK1477	848	136	740	511
TK1478	716	124	685	234
TK1479	2338	357	2703	653
TK1480	1956	348	2702	382
TK1481	13438	3619	87801	14409
TK1482	9773	1218	8388	1180
TK1483	10376	1094	11120	1329
TK1484	13867	2951	20290	3321
TK1485	1252	919	1573	419
TK1486	10952	2337	8843	1523
TK1487	2024	310	1945	178
TK1488	2013	317	2003	208
TK1489	4986	557	4425	1121
TK1490	965	119	716	196
TK1491	1020	252	1199	247
TK1492	2976	1768	3041	2096
TK1493	4378	825	4881	471
TK1494	1291	211	811	146
TK1495	8536	1190	4160	714
TK1496	28951	3539	15687	1097
TK1497	39697	5197	16141	1945
TK1498	2447	355	1246	226
TK1499	6852	945	4327	1166
TK1500	29234	2947	14043	3273
TK1501	24887	2778	12656	4017
TK1502	9625	1031	4952	1522
TK1503	19381	2355	10977	1941
TK1504	12876	1604	8134	1586
TK1505	34002	4466	20921	5184
TK1506	22376	2486	12379	3829
TK1507	2117	360	1260	570
TK1508	762	201	476	128
TK1509	8214	1406	6419	1303
TK1510	854	165	618	149
TK1511	56	12	47	7
TK1512	2261	235	1286	261
TK1513	22475	2499	13606	2268
TK1514	39260	3614	24816	4879
TK1515	10025	1327	6948	1986
TK1516	7436	1352	4279	777
TK1517	6338	1056	3590	632
TK1518	38201	5363	25465	1366
TK1519	15812	2058	9646	503
TK1520	25007	4024	15839	1113
TK1521	35275	5075	18809	1727
TK1522	18862	2282	9777	862
TK1523	7584	928	3603	370
TK1524	11920	1332	5470	525
TK1525	22351	2808	10407	1217
TK1526	13507	1553	6214	786
TK1527	4536	515	1908	239
TK1528	19606	2419	8411	1334
TK1529	31727	4145	14343	2389
TK1530	8804	1259	4082	783
TK1531	11463	1632	4954	1124
TK1532	10689	1482	5041	1045
TK1533	5868	926	2966	451
TK1534	1278	95	704	55
TK1535	2141	243	957	105
TK1536	19233	3082	10009	1480
TK1537	10773	1282	5811	803
TK1538	12378	1689	6638	983
TK1539	23530	2859	12860	2139
TK1540	3829	545	2077	409
TK1541	20055	2405	10861	2234
TK1542	38174	4532	20561	6782
TK1543	13180	1592	6228	2424
TK1544	2029	414	1432	273
TK1545	4550	579	2363	1043
TK1546	33149	5105	15528	6482
TK1547	1281	418	654	78
TK1548	8147	2102	15083	2200
TK1549	3566	1183	4411	583
TK1550	305	18	763	1001
TK1551	2357	443	1338	404
TK1552	983	227	831	108
TK1553	239	61	143	35
TK1554	539	70	368	54
TK1555	932	245	798	147
TK1556	3830	924	3066	901
TK1557	5511	2915	7406	2071
TK1558	259	60	491	219
TK1559	401	86	467	204
TK1560	128	19	205	44
TK1561	1441	341	680	355
TK1562	10578	2235	6493	1610
TK1563	6437	674	4184	708
TK1564	14	4	16	6
TK1565	994	189	912	236
TK1566	840	81	1017	167
TK1567	22229	4533	18194	3415
TK1568	701	131	988	1168
TK1569	75	14	13	26
TK1570	244	53	129	36
TK1571	2397	628	2140	266
TK1572	429	158	481	130
TK1573	280	123	208	56
TK1574	7812	1340	3262	906
TK1575	687	141	1084	266
TK1576	96	33	823	219
TK1577	860	340	21216	4505
TK1578	543	197	11545	2195
TK1579	554	233	13097	2707
TK1580	2503	362	1207	334
TK1581	1504	206	813	197
TK1582	178	27	688	276
TK1583	191	13	835	127
TK1584	17	3	132	28
TK1585	8	2	68	7
TK1586	32	4	52	15
TK1587	26	1	137	20
TK1588	36	3	219	39
TK1589	151	21	482	114
TK1590	184	262	309	802
TK1591	136	122	216	437
TK1592	25301	1822	7167	1080
TK1593	3907	768	2467	662
TK1594	16297	3244	12732	2008
TK1595	7827	1339	6211	663
TK1596	2424	428	1465	390
TK1597	41236	7114	19557	5777
TK1598	12664	1901	7242	1084
TK1599	11396	1927	5906	1170
TK1600	14605	2362	7613	1474
TK1601	3110	555	1634	269
TK1602	34750	5964	23007	3418
TK1603	33137	6277	27421	3096
TK1604	19941	3844	16269	1517
TK1605	1141	204	773	159
TK1606	759	166	612	134
TK1607	1439	246	1315	220
TK1608	886	136	1019	142
TK1609	946	138	1135	162
TK1610	340	99	590	83
TK1611	2871	532	3509	469
TK1612	1111	84	6829	1146
TK1613	432	43	3045	972
TK1614	74	10	582	282
TK1615	438	82	592	114
TK1616	866	256	824	203
TK1617	1407	473	1396	292
TK1618	1466	433	1422	487
TK1619	2537	289	1454	294
TK1620	28497	3341	13653	1874
TK1621	7128	1602	4811	850
TK1622	27384	5584	20756	4576
TK1623	3116	677	2423	358
TK1624	5828	1335	5557	787
TK1625	15699	3426	14326	1778
TK1626	23684	5902	19922	3605
TK1627	3499	857	2712	692
TK1628	253	62	103	34
TK1629	966	120	475	204
TK1630	12711	2207	6924	1483
TK1631	9377	2063	6006	1157
TK1632	944	357	720	136
TK1633	14937	3030	13531	1378
TK1634	11304	2333	9902	1284
TK1635	6163	1321	5987	926
TK1636	8739	1613	7502	1074
TK1637	22104	4606	18913	3225
TK1638	471	58	370	68
TK1639	626	106	363	69
TK1640	3902	981	3741	611
TK1641	2404	632	2717	398
TK1642	556	94	753	150
TK1643	15575	2968	14706	2828
TK1644	1197	115	795	197
TK1645	815	76	577	92
TK1646	3476	338	2180	376
TK1647	85	6	117	8
TK1648	877	196	1150	270
TK1649	1062	216	1018	175
TK1650	1656	350	1935	410
TK1651	1634	434	1493	322
TK1652	652	161	585	144
TK1653	384	76	1370	269
TK1654	47	22	30	16
TK1655	695	309	354	127
TK1656	3976	758	1863	265
TK1657	4679	770	3158	448
TK1658	3927	924	3369	427
TK1659	1488	323	997	197
TK1660	20	8	224	57
TK1661	2886	347	3095	275
TK1662	3657	468	4248	363
TK1663	4045	504	4630	511
TK1664	4094	538	4786	732
TK1665	1432	303	1767	364
TK1666	1682	264	2020	439
TK1667	2354	336	2632	488
TK1668	1787	318	1908	179
TK1669	4739	893	5285	680
TK1670	9475	1544	9464	1640
TK1671	5456	1152	4078	1058
TK1672	85	42	90	36
TK1673	514	87	349	100
TK1674	919	106	897	142
TK1675	732	168	226	154
TK1676	4811	1229	4247	1065
TK1677	354	110	415	130
TK1678	276	49	1048	507
TK1679	309	98	1897	599
TK1680	122	49	922	292
TK1681	484	79	459	130
TK1682	4903	496	3658	775
TK1683	4982	777	2617	347
TK1684	3172	925	11836	1592
TK1685	625	190	2766	546
TK1686	2938	492	2326	421
TK1687	4278	1804	3574	1089
TK1688	9735	3048	11309	2431
TK1689	3942	608	1317	407
TK1690	5564	1261	2870	534
TK1691	9190	3263	5055	1833
TK1692	1133	243	734	294
TK1693	4483	3814	3678	1000
TK1694	15847	4193	24155	3509
TK1695	2550	451	1763	323
TK1696	7313	891	5287	838
TK1697	4441	842	3151	675
TK1698	1699	219	850	170
TK1699	12131	1680	6895	1483
TK1700	10471	1382	5889	1213
TK1701	701	77	424	66
TK1702	194	22	115	18
TK1703	201	51	139	30
TK1704	804	179	635	114
TK1705	1114	303	1067	321
TK1706	419	183	290	199
TK1707	88	27	69	95
TK1708	6104	2008	4043	882
TK1709	2069	373	2497	420
TK1710	716	197	790	150
TK1711	4230	890	4470	832
TK1712	1990	174	1926	393
TK1713	1514	149	2481	197
TK1714	4045	515	4783	702
TK1715	2374	320	2150	256
TK1716	1856	344	1851	265
TK1717	2167	370	2210	306
TK1718	3159	700	4232	737
TK1719	2666	287	1362	244
TK1720	942	86	896	132
TK1721	3282	347	3873	315
TK1722	2282	166	2598	114
TK1723	5871	426	8411	342
TK1724	338	16	478	17
TK1725	1607	89	2614	117
TK1726	98	8	196	12
TK1727	177	18	189	20
TK1728	2950	264	1501	379
TK1729	731	58	384	27
TK1730	1325	100	734	55
TK1731	1102	115	1043	176
TK1732	2057	217	1978	428
TK1733	1294	191	1270	349
TK1734	3049	770	2738	922
TK1735	1166	214	1049	277
TK1736	48995	6626	92406	10903
TK1737	6799	1176	6100	1108
TK1738	1947	253	1836	197
TK1739	289	21	1715	98
TK1740	806	91	3292	690
TK1741	2105	497	2735	624
TK1742	494	257	354	114
TK1743	2385	424	599	162
TK1744	1169	902	1484	330
TK1745	986	289	912	249
TK1746	941	396	1211	931
TK1747	181	29	125	35
TK1748	48196	5958	24194	8363
TK1749	283	30	790	192
TK1750	726	97	3382	548
TK1751	468	90	508	266
TK1752	49	3	65	20
TK1753	2294	484	4809	1370
TK1754	464	29	506	53
TK1755	166	14	159	30
TK1756	136	9	84	16
TK1757	141	11	132	15
TK1758	114	3	77	11
TK1759	144	14	114	15
TK1760	1399	159	1061	338
TK1761	2910	433	1808	625
TK1762	1019	153	642	122
TK1763	3027	478	1696	369
TK1764	2296	449	1277	199
TK1765	895	79	756	164
TK1766	4331	584	2625	1112
TK1767	2204	640	1159	294
TK1768	3109	636	3120	584
TK1769	5810	1378	4085	641
TK1770	1074	203	606	117
TK1771	24969	2975	6412	1103
TK1772	1294	218	275	45
TK1773	3267	470	797	180
TK1774	18312	2124	5915	1127
TK1775	9015	1092	3545	501
TK1776	905	215	527	189
TK1777	2589	610	3355	1525
TK1778	4020	1232	3691	755
TK1779	29562	8403	31946	2955
TK1780	1695	434	1751	184
TK1781	13712	3317	14536	1740
TK1782	2535	388	2903	349
TK1783	218	32	1200	280
TK1784	706	116	593	104
TK1785	6864	491	4987	1575
TK1786	8163	1582	7202	799
TK1787	73	4	152	27
TK1788	188	17	301	44
TK1789	14455	2317	11967	2146
TK1790	2079	281	2034	459
TK1791	2649	331	2917	460
TK1792	2801	222	2300	339
TK1793	1120	125	1611	261
TK1794	313	32	296	46
TK1795	451	71	517	70
TK1796	3564	269	5199	1661
TK1797	449	114	464	35
TK1798	3155	541	3362	362
TK1799	1941	284	1741	243
TK1800	26422	6411	26437	1575
TK1801	17802	3976	17645	1261
TK1802	21432	4818	21218	1980
TK1803	19092	4266	17611	2809
TK1804	88428	45804	133482	19437
TK1805	4720	553	2983	568
TK1806	1428	172	1143	218
TK1807	3425	445	1982	767
TK1808	607	90	365	119
TK1809	12846	1948	2711	469
TK1810	239	79	193	39
TK1811	263	55	163	48
TK1812	94	19	84	41
TK1813	2169	516	2581	967
TK1814	4215	1000	4746	1075
TK1815	803	173	1065	167
TK1816	242	40	187	34
TK1817	918	270	844	292
TK1818	78	5	5083	586
TK1819	1610	351	1020	193
TK1820	7386	1581	7031	1195
TK1821	1963	224	1363	317
TK1822	2981	578	1634	265
TK1823	118	15	66	12
TK1824	874	140	830	149
TK1825	75	22	60	24
TK1826	72	14	54	11
TK1827	1647	422	2088	732
TK1828	849	188	843	343
TK1829	2735	483	1276	302
TK1830	2455	509	1096	393
TK1831	3485	765	1869	950
TK1832	218	27	212	70
TK1833	2991	334	2239	718
TK1834	901	132	1247	109
TK1835	1527	472	1322	236
TK1836	1794	393	1411	224
TK1837	674	129	456	57
TK1838	773	169	450	77
TK1839	15933	3249	13491	1079
TK1840	16635	6679	19591	1515
TK1841	110	48	159	23
TK1842	895	212	1328	176
TK1843	1766	314	1961	577
TK1844	61	7	73	4
TK1845	349	40	393	44
TK1846	887	124	933	119
TK1847	230	32	230	36
TK1848	382	51	366	43
TK1849	1467	297	1527	352
TK1850	69607	16836	39842	5730
TK1851	2322	230	2749	342
TK1852	6111	914	6736	730
TK1853	37101	5956	41746	5686
TK1854	3244	741	3207	495
TK1855	22433	4702	21182	3595
TK1856	55	5	49	12
TK1857	1865	294	1412	332
TK1858	834	170	1209	226
TK1859	267	63	381	109
TK1860	57	7	320	75
TK1861	58	12	276	74
TK1862	0	0	13	5
TK1863	3729	396	1795	492
TK1864	1507	156	802	315
TK1865	562	87	308	55
TK1866	211	24	94	18
TK1867	123	22	79	11
TK1868	305	38	143	25
TK1869	165	15	99	11
TK1870	337	45	212	15
TK1871	370	84	667	348
TK1872	1380	210	1162	203
TK1873	2412	301	2023	257
TK1874	10952	2819	6016	1426
TK1875	112	43	107	31
TK1876	260	59	199	56
TK1877	306	129	333	105
TK1878	747	134	738	108
TK1879	1946	624	6763	881
TK1880	13656	3531	13217	3049
TK1881	1886	437	3104	418
TK1882	1038	316	1297	181
TK1883	2721	737	2892	394
TK1884	727	113	371	80
TK1885	298	56	391	98
TK1886	1004	234	895	359
TK1887	158	68	395	88
TK1888	1304	237	2666	540
TK1889	96	20	46	21
TK1890	1018	186	509	161
TK1891	3889	938	1894	637
TK1892	2108	341	8930	3064
TK1893	1943	441	1641	171
TK1894	479	115	433	50
TK1895	4543	1781	5854	1052
TK1896	181	51	199	348
TK1897	99	39	115	190
TK1898	5590	1007	3371	550
TK1899	59005	8797	42509	7452
TK1900	1081	173	898	134
TK1901	6429	700	1880	412
TK1902	7954	1155	3702	517
TK1903	29464	4274	14759	1667
TK1904	2717	601	2492	454
TK1905	1520	103	1316	128
TK1906	1924	67	972	343
TK1907	1584	141	592	127
TK1908	1470	261	1154	453
TK1909	1442	438	1381	229
TK1910	5028	1373	5363	737
TK1911	2608	651	2965	312
TK1912	7983	2296	10254	1097
TK1913	1306	1094	729	883
TK1914	1085	179	323	336
TK1915	73	23	24	12
TK1916	1206	296	1080	145
TK1917	721	100	998	214
TK1918	97	21	45	16
TK1919	21	9	24	11
TK1920	46	7	43	18
TK1921	17	1	20	3
TK1922	13	0	11	1
TK1923	131	15	123	17
TK1924	256	31	132	44
TK1925	311	43	169	62
TK1926	70	14	46	21
TK1927	2642	384	334	41
TK1928	1284	431	1026	301
TK1929	8667	2224	9930	1218
TK1930	243	19	248	47
TK1931	144	27	190	27
TK1932	2166	567	2553	560
TK1933	701	108	613	164
TK1934	2617	679	1134	198
TK1935	7135	1328	3694	605
TK1936	102	6	199	51
TK1937	32	1	141	32
TK1938	54	4	115	22
TK1939	599	42	1393	305
TK1940	2096	446	2720	287
TK1941	1170	244	1074	134
TK1942	1468	204	931	121
TK1943	878	175	441	86
TK1944	2614	472	1128	210
TK1945	2425	708	1878	400
TK1946	19804	4400	16458	5007
TK1947	761	39	880	69
TK1948	1148	124	1755	301
TK1949	2925	252	8990	656
TK1950	5198	435	30792	1811
TK1951	28162	3905	12544	1874
TK1952	1665	388	733	364
TK1953	3551	754	5134	785
TK1954	7253	1229	3527	873
TK1955	2199	174	1743	354
TK1956	3188	467	3232	615
TK1957	2565	1209	2050	470
TK1958	2434	739	1914	388
TK1959	13580	2224	19845	1896
TK1960	3575	788	5475	638
TK1961	13034	2825	20808	2708
TK1962	3531	519	2449	619
TK1963	1764	601	2096	855
TK1964	240	107	234	82
TK1965	1126	444	999	397
TK1966	11314	2343	12163	2292
TK1967	1728	409	1975	455
TK1968	919	215	847	213
TK1969	1105	402	765	217
TK1970	1329	263	783	252
TK1971	300	89	234	60
TK1972	7193	1506	6029	850
TK1973	1131	253	740	166
TK1974	762	143	9590	2885
TK1975	1848	690	1647	647
TK1976	4834	1717	3048	580
TK1977	780	204	321	205
TK1978	19081	5752	26192	6728
TK1979	5481	1386	6903	1868
TK1980	25766	5767	36711	9639
TK1981	19056	4167	26100	6379
TK1982	6297	1467	7951	2008
TK1983	38011	7592	44444	10257
TK1984	47873	9296	55152	11393
TK1985	1424	308	1043	244
TK1986	536	67	377	81
TK1987	194	14	165	19
TK1988	592	66	450	72
TK1989	143	12	83	25
TK1990	2973	337	11079	1325
TK1991	242	32	1038	150
TK1992	1890	290	1380	102
TK1993	3588	466	9407	983
TK1994	267	31	1025	125
TK1995	414	44	1395	145
TK1996	77	18	433	65
TK1997	3336	536	27676	5052
TK1998	2477	1572	3107	446
TK1999	27111	8556	20117	4498
TK2000	1928	260	12131	2155
TK2001	59	6	299	111
TK2002	723	126	270	102
TK2003	724	135	480	123
TK2004	988	302	1232	256
TK2005	3890	851	3466	683
TK2006	1954	425	2156	376
TK2007	5430	721	12224	1735
TK2008	1191	173	3104	508
TK2009	1530	512	1461	171
TK2010	71	18	45	8
TK2011	34	34	49	7
TK2012	127	9	169	44
TK2013	3532	623	1950	225
TK2014	115	14	56	8
TK2015	404	97	393	74
TK2016	613	126	758	153
TK2017	228	51	289	68
TK2018	1025	117	3228	478
TK2019	757	142	1258	164
TK2020	756	124	1298	156
TK2021	16219	7303	14941	3407
TK2022	756	173	936	369
TK2023	29424	6074	16834	1116
TK2024	24064	6539	16959	2660
TK2025	1913	477	1452	480
TK2026	1525	304	1431	446
TK2027	117	40	103	31
TK2028	107	18	267	42
TK2029	2072	565	1804	277
TK2030	1443	1060	1455	351
TK2031	132	21	126	53
TK2032	406	245	524	221
TK2033	913	321	1673	435
TK2034	215	60	234	317
TK2035	13652	4637	29748	4007
TK2036	663	153	787	131
TK2037	5306	915	4256	891
TK2038	1949	440	1339	413
TK2039	1379	353	1734	351
TK2040	5253	1326	5547	926
TK2041	2811	532	3206	619
TK2042	2855	651	3732	953
TK2043	468	111	533	166
TK2044	395	97	440	133
TK2045	1615	365	1692	388
TK2046	7978	979	4638	336
TK2047	3745	458	2203	213
TK2048	16873	2037	10326	1335
TK2049	13442	4925	12988	1427
TK2050	1761	189	972	258
TK2051	527	57	401	102
TK2052	6773	1939	7300	1663
TK2053	222	17	458	72
TK2054	163	24	228	60
TK2055	79	15	176	33
TK2056	57	13	106	28
TK2057	278	59	933	425
TK2058	386	42	930	407
TK2059	365	72	914	398
TK2060	1995	235	1481	318
TK2061	2604	482	1686	1143
TK2062	5756	910	3631	681
TK2063	2738	985	2279	614
TK2064	21559	5111	12006	3482
TK2065	122785	34482	113117	11043
TK2066	1594	235	2010	304
TK2067	578	100	789	134
TK2068	179	49	395	62
TK2069	945	133	9551	1700
TK2070	300	80	5476	2268
TK2071	443	95	9130	3716
TK2072	393	108	11314	4938
TK2073	778	90	5430	1502
TK2074	3778	586	16875	5077
TK2075	3728	440	11694	3243
TK2076	7676	1533	38692	13343
TK2077	2703	444	9529	2827
TK2078	1548	233	5296	1433
TK2079	3919	660	9280	1818
TK2080	462	51	3178	1385
TK2081	172	20	1144	325
TK2082	368	25	2058	525
TK2083	227	39	1496	596
TK2084	402	45	1967	825
TK2085	584	71	2721	963
TK2086	327	43	1531	371
TK2087	3811	298	13284	3963
TK2088	663	47	1874	693
TK2089	1954	166	5774	1767
TK2090	1112	97	3056	957
TK2091	4407	395	10778	2623
TK2092	4431	399	9992	2020
TK2093	4033	359	8789	1424
TK2094	2555	511	2171	281
TK2095	1778	367	1497	248
TK2096	975	216	901	241
TK2097	363	105	283	91
TK2098	3047	856	4127	1392
TK2099	1211	286	1189	322
TK2100	13721	4183	8490	1575
TK2101	11719	3185	8226	2204
TK2102	2701	592	1228	259
TK2103	3160	363	3542	1400
TK2104	5648	726	7507	3435
TK2105	61	10	57	17
TK2106	21069	4680	14523	1992
TK2107	1222	1060	558	65
TK2108	21612	12541	10741	1691
TK2109	1700	593	1607	219
TK2110	1434	160	1193	473
TK2111	787	126	615	247
TK2112	2122	442	2233	748
TK2113	1614	334	1028	152
TK2114	6946	448	57892	12506
TK2115	1101	407	2084	276
TK2116	2143	178	1234	177
TK2117	7108	1436	8176	1393
TK2118	1052	214	919	221
TK2119	733	151	494	87
TK2120	3688	642	2670	656
TK2121	1504	233	963	285
TK2122	4857	816	2776	776
TK2123	918	148	783	194
TK2124	10064	2665	5419	709
TK2125	2331	232	1514	208
TK2126	6989	1050	3771	1328
TK2127	1425	291	1294	388
TK2128	417	81	678	150
TK2129	7833	1333	4226	556
TK2130	483	234	5230	854
TK2131	2908	477	3678	703
TK2132	2101	287	855	306
TK2133	2159	381	737	262
TK2134	29940	5854	13561	4646
TK2135	6572	834	3773	905
TK2136	2477	631	2930	856
TK2137	1590	571	1346	711
TK2138	862	315	1255	321
TK2139	85	23	470	103
TK2140	5883	1546	6175	1664
TK2141	1372	554	1061	213
TK2142	931	255	430	231
TK2143	3119	380	2436	370
TK2144	640	60	531	52
TK2145	25360	10712	26407	13162
TK2146	5675	2179	5901	1803
TK2147	1362	331	948	180
TK2148	2515	666	2503	710
TK2149	147	45	233	44
TK2150	286	55	413	89
TK2151	704	257	1838	852
TK2152	1854	397	1352	560
TK2153	468	41	329	105
TK2154	376	121	448	128
TK2155	847	194	829	225
TK2156	27307	3385	14280	2255
TK2157	34394	4364	15725	4958
TK2158	834	230	1708	472
TK2159	1573	239	926	248
TK2160	140	8	914	283
TK2161	570	72	2296	917
TK2162	267	20	785	241
TK2163	21421	2418	10642	2157
TK2164	46047	13071	69353	8397
TK2165	290	232	400	223
TK2166	1221	404	1470	532
TK2167	6258	1040	3806	905
TK2168	10234	2295	9180	1814
TK2169	1975	379	1490	476
TK2170	3817	756	2888	431
TK2171	1751	371	1552	389
TK2172	1505	163	509	195
TK2173	929	200	1028	114
TK2174	202	14	112	23
TK2175	397	21	279	40
TK2176	381	29	358	51
TK2177	530	41	381	138
TK2178	691	87	890	372
TK2179	311	106	269	131
TK2180	7250	1842	7167	572
TK2181	1579	434	1598	53
TK2182	690	170	660	18
TK2183	236	65	334	4
TK2184	1150	257	1515	27
TK2185	5010	577	4111	716
TK2186	583	81	524	69
TK2187	333	69	460	258
TK2188	812	731	70	15
TK2189	905	140	589	95
TK2190	693	94	425	75
TK2191	2347	296	1705	203
TK2192	3804	497	2751	384
TK2193	4191	623	2666	705
TK2194	466	404	309	315
TK2195	5693	1034	3965	808
TK2196	10373	2533	7318	2024
TK2197	422	171	1041	272
TK2198	110	44	214	64
TK2199	1452	383	2330	452
TK2200	23783	12594	35438	4780
TK2201	4334	1056	8441	710
TK2202	1226	317	1048	164
TK2203	977	119	1629	313
TK2204	3431	207	7302	1089
TK2205	1486	309	893	288
TK2206	3303	601	2427	733
TK2207	7467	1401	6826	1812
TK2208	153	37	878	198
TK2209	556	113	1408	338
TK2210	3949	538	3531	303
TK2211	6028	797	4738	715
TK2212	3742	514	2967	430
TK2213	6150	731	4041	800
TK2214	995	252	826	258
TK2215	1232	299	1083	245
TK2216	1048	233	718	125
TK2217	8539	2333	16996	4640
TK2218	13422	2577	11585	1945
TK2219	8376	1876	8136	870
TK2220	551	259	429	88
TK2221	225	94	163	29
TK2222	1845	353	1768	201
TK2223	2374	449	3345	658
TK2224	3875	789	7351	1037
TK2225	2183	937	15337	1941
TK2226	1391	298	1368	254
TK2227	8093	1348	7009	1204
TK2228	296	68	250	100
TK2229	72	27	86	40
TK2230	37	2	10	4
TK2231	1463	462	905	116
TK2232	3885	1116	2754	490
TK2233	1008	294	1047	254
TK2234	883	246	1190	298
TK2235	1465	425	1505	440
TK2236	11390	1581	9603	4429
TK2237	9182	1571	8364	3757
TK2238	975	183	1020	152
TK2239	158	11	1519	175
TK2240	13752	2204	11614	4285
TK2241	3463	1734	3629	760
TK2242	4234	754	4652	1283
TK2243	3114	555	3596	782
TK2244	3853	787	3442	715
TK2245	3653	510	2602	620
TK2246	6970	1391	5367	866
TK2247	1294	218	1262	194
TK2248	2025	290	2011	334
TK2249	4320	894	2844	536
TK2250	8050	1587	5418	1585
TK2251	1236	100	717	167
TK2252	26172	6837	18935	5737
TK2253	4453	1577	5686	565
TK2254	806	125	669	151
TK2255	8781	2198	4865	1046
TK2256	1536	304	901	141
TK2257	3330	595	4010	801
TK2258	5118	1067	5846	1473
TK2259	1560	296	1432	668
TK2260	1874	282	1528	363
TK2261	145	17	127	21
TK2262	776	87	616	113
TK2263	1761	287	1621	257
TK2264	1930	159	7067	1567
TK2265	193	21	205	45
TK2266	6216	916	3868	711
TK2267	793	137	536	127
TK2268	47298	7230	30535	4356
TK2269	483	70	280	78
TK2270	2378	561	2200	819
TK2271	21341	4867	16674	4533
TK2272	1855	385	1638	212
TK2273	1217	260	1103	147
TK2274	1716	199	825	148
TK2275	1572	203	799	137
TK2276	170	32	92	152
TK2277	4590	517	1749	336
TK2278	83628	4897	11266	450
TK2279	731	197	584	500
TK2280	1604	212	952	282
TK2281	539	61	805	342
TK2282	343	68	720	345
TK2283	2295	219	803	85
TK2284	4146	465	1945	184
TK2285	4015	555	1579	305
TK2286	8105	1817	3052	718
TK2287	23283	4375	9792	2014
TK2288	2243	273	943	224
TK2289	32174	13133	23060	5589
TK2290	42108	9900	24336	5068
TK2291	1741	442	723	321
TK2292	6572	681	3182	1092
TK2293	263	39	172	54
TK2294	1648	470	1163	666
TK2295	401	109	255	105
TK2296	1360	129	837	194
TK2297	5435	656	3650	1210
TK2298	125	29	7919	2314
TK2299	57	13	2764	698
TK2300	1396	185	854	221
TK2301	1322	175	853	273
TK2302	3102	443	1700	367
TK2303	5535	274	3682	6766
TK2304	11159	1749	4616	1116
TK2305	169	50	202	44
TK2306	492	114	467	94

